[
    {
        "value": "A0",
        "children": [
            {
                "value": "B0",
                "children": [
                    {
                        "value": "C0"
                    },
                    {
                        "value": "C1"
                    },
                    {
                        "value": "C2"
                    },
                    {
                        "value": "C3"
                    },
                    {
                        "value": "C4"
                    }
                ]
            },
            {
                "value": "C5",
                "children": [
                    {
                        "value": "C5"
                    }
                ]
            },
            {
                "value": "B2",
                "children": [
                    {
                        "value": "C6"
                    },
                    {
                        "value": "C7"
                    }
                ]
            }
        ]
    },
    {
        "value": "A1",
        "children": [
            {
                "value": "B3",
                "children": [
                    {
                        "value": "C8"
                    }
                ]
            },
            {
                "value": "B4",
                "children": [
                    {
                        "value": "C9"
                    },
                    {
                        "value": "C10"
                    },
                    {
                        "value": "C11"
                    },
                    {
                        "value": "C12"
                    },
                    {
                        "value": "C13"
                    },
                    {
                        "value": "C14"
                    }
                ]
            },
            {
                "value": "B5",
                "children": [
                    {
                        "value": "C15"
                    },
                    {
                        "value": "C16"
                    }
                ]
            },
            {
                "value": "B6",
                "children": [
                    {
                        "value": "C17"
                    },
                    {
                        "value": "C18"
                    },
                    {
                        "value": "C19"
                    },
                    {
                        "value": "C20"
                    }
                ]
            },
            {
                "value": "B7",
                "children": [
                    {
                        "value": "C21"
                    },
                    {
                        "value": "C22"
                    },
                    {
                        "value": "C23"
                    },
                    {
                        "value": "C24"
                    },
                    {
                        "value": "C25"
                    }
                ]
            },
            {
                "value": "B8",
                "children": [
                    {
                        "value": "C26"
                    },
                    {
                        "value": "C27"
                    },
                    {
                        "value": "C28"
                    },
                    {
                        "value": "C29"
                    }
                ]
            },
            {
                "value": "B9",
                "children": [
                    {
                        "value": "C30"
                    },
                    {
                        "value": "C31"
                    }
                ]
            }
        ]
    },
    {
        "value": "A2",
        "children": [
            {
                "value": "C32",
                "children": [
                    {
                        "value": "C32"
                    }
                ]
            },
            {
                "value": "C33",
                "children": [
                    {
                        "value": "C33"
                    }
                ]
            },
            {
                "value": "C34",
                "children": [
                    {
                        "value": "C34"
                    }
                ]
            },
            {
                "value": "B13",
                "children": [
                    {
                        "value": "C35"
                    },
                    {
                        "value": "C36"
                    },
                    {
                        "value": "C37"
                    }
                ]
            },
            {
                "value": "B14",
                "children": [
                    {
                        "value": "C38"
                    },
                    {
                        "value": "C39"
                    },
                    {
                        "value": "C40"
                    }
                ]
            },
            {
                "value": "B15",
                "children": [
                    {
                        "value": "C41"
                    }
                ]
            },
            {
                "value": "B16",
                "children": [
                    {
                        "value": "C42"
                    },
                    {
                        "value": "C43"
                    },
                    {
                        "value": "C44"
                    }
                ]
            },
            {
                "value": "B17",
                "children": [
                    {
                        "value": "C45"
                    },
                    {
                        "value": "C46"
                    },
                    {
                        "value": "C47"
                    },
                    {
                        "value": "C48"
                    },
                    {
                        "value": "C49"
                    },
                    {
                        "value": "C50"
                    }
                ]
            },
            {
                "value": "B18",
                "children": [
                    {
                        "value": "C51"
                    }
                ]
            },
            {
                "value": "B19",
                "children": [
                    {
                        "value": "C52"
                    },
                    {
                        "value": "C53"
                    }
                ]
            },
            {
                "value": "B20",
                "children": [
                    {
                        "value": "C54"
                    },
                    {
                        "value": "C55"
                    }
                ]
            },
            {
                "value": "B21",
                "children": [
                    {
                        "value": "C56"
                    },
                    {
                        "value": "C57"
                    }
                ]
            },
            {
                "value": "C58",
                "children": [
                    {
                        "value": "C58"
                    }
                ]
            },
            {
                "value": "B23",
                "children": [
                    {
                        "value": "C59"
                    },
                    {
                        "value": "C60"
                    }
                ]
            }
        ]
    },
    {
        "value": "A3",
        "children": [
            {
                "value": "B24",
                "children": [
                    {
                        "value": "C61"
                    },
                    {
                        "value": "C62"
                    },
                    {
                        "value": "C63"
                    },
                    {
                        "value": "C64"
                    },
                    {
                        "value": "C65"
                    },
                    {
                        "value": "C66"
                    },
                    {
                        "value": "C67"
                    },
                    {
                        "value": "C68"
                    },
                    {
                        "value": "C69"
                    }
                ]
            },
            {
                "value": "B25",
                "children": [
                    {
                        "value": "C70"
                    }
                ]
            },
            {
                "value": "C71",
                "children": [
                    {
                        "value": "C71"
                    }
                ]
            },
            {
                "value": "B27",
                "children": [
                    {
                        "value": "C72"
                    },
                    {
                        "value": "C73"
                    },
                    {
                        "value": "C74"
                    },
                    {
                        "value": "C75"
                    }
                ]
            },
            {
                "value": "B28",
                "children": [
                    {
                        "value": "C76"
                    }
                ]
            },
            {
                "value": "B29",
                "children": [
                    {
                        "value": "C77"
                    },
                    {
                        "value": "C78"
                    },
                    {
                        "value": "C79"
                    },
                    {
                        "value": "C80"
                    },
                    {
                        "value": "C81"
                    },
                    {
                        "value": "C82"
                    }
                ]
            },
            {
                "value": "B30",
                "children": [
                    {
                        "value": "C83"
                    }
                ]
            },
            {
                "value": "B31",
                "children": [
                    {
                        "value": "C84"
                    },
                    {
                        "value": "C85"
                    }
                ]
            }
        ]
    },
    {
        "value": "A4",
        "children": [
            {
                "value": "B32",
                "children": [
                    {
                        "value": "C86"
                    },
                    {
                        "value": "C87"
                    },
                    {
                        "value": "C88"
                    },
                    {
                        "value": "C89"
                    },
                    {
                        "value": "C90"
                    },
                    {
                        "value": "C91"
                    },
                    {
                        "value": "C92"
                    }
                ]
            },
            {
                "value": "B33",
                "children": [
                    {
                        "value": "C93"
                    },
                    {
                        "value": "C94"
                    },
                    {
                        "value": "C95"
                    },
                    {
                        "value": "C96"
                    },
                    {
                        "value": "C97"
                    },
                    {
                        "value": "C98"
                    },
                    {
                        "value": "C99"
                    },
                    {
                        "value": "C100"
                    },
                    {
                        "value": "C101"
                    },
                    {
                        "value": "C102"
                    },
                    {
                        "value": "C103"
                    },
                    {
                        "value": "C104"
                    },
                    {
                        "value": "C105"
                    },
                    {
                        "value": "C106"
                    },
                    {
                        "value": "C107"
                    },
                    {
                        "value": "C108"
                    },
                    {
                        "value": "C109"
                    }
                ]
            },
            {
                "value": "B34",
                "children": [
                    {
                        "value": "C110"
                    },
                    {
                        "value": "C111"
                    }
                ]
            },
            {
                "value": "B35",
                "children": [
                    {
                        "value": "C112"
                    },
                    {
                        "value": "C113"
                    }
                ]
            },
            {
                "value": "B36",
                "children": [
                    {
                        "value": "C114"
                    },
                    {
                        "value": "C115"
                    },
                    {
                        "value": "C116"
                    },
                    {
                        "value": "C117"
                    }
                ]
            },
            {
                "value": "C118",
                "children": [
                    {
                        "value": "C118"
                    }
                ]
            },
            {
                "value": "B38",
                "children": [
                    {
                        "value": "C119"
                    },
                    {
                        "value": "C120"
                    },
                    {
                        "value": "C121"
                    }
                ]
            },
            {
                "value": "C122",
                "children": [
                    {
                        "value": "C122"
                    }
                ]
            },
            {
                "value": "B40",
                "children": [
                    {
                        "value": "C123"
                    }
                ]
            },
            {
                "value": "C124",
                "children": [
                    {
                        "value": "C124"
                    }
                ]
            },
            {
                "value": "B42",
                "children": [
                    {
                        "value": "C125"
                    },
                    {
                        "value": "C126"
                    }
                ]
            },
            {
                "value": "B43",
                "children": [
                    {
                        "value": "C127"
                    },
                    {
                        "value": "C128"
                    },
                    {
                        "value": "C129"
                    }
                ]
            },
            {
                "value": "C130",
                "children": [
                    {
                        "value": "C130"
                    }
                ]
            },
            {
                "value": "C131",
                "children": [
                    {
                        "value": "C131"
                    }
                ]
            }
        ]
    },
    {
        "value": "A5",
        "children": [
            {
                "value": "B46",
                "children": [
                    {
                        "value": "C132"
                    },
                    {
                        "value": "C133"
                    },
                    {
                        "value": "C134"
                    }
                ]
            },
            {
                "value": "B47",
                "children": [
                    {
                        "value": "C135"
                    },
                    {
                        "value": "C136"
                    },
                    {
                        "value": "C137"
                    },
                    {
                        "value": "C138"
                    },
                    {
                        "value": "C139"
                    }
                ]
            },
            {
                "value": "B48",
                "children": [
                    {
                        "value": "C140"
                    },
                    {
                        "value": "C141"
                    },
                    {
                        "value": "C142"
                    },
                    {
                        "value": "C143"
                    },
                    {
                        "value": "C144"
                    },
                    {
                        "value": "C145"
                    }
                ]
            },
            {
                "value": "B49",
                "children": [
                    {
                        "value": "C146"
                    }
                ]
            }
        ]
    },
    {
        "value": "A6",
        "children": [
            {
                "value": "C147",
                "children": [
                    {
                        "value": "C147"
                    }
                ]
            },
            {
                "value": "C148",
                "children": [
                    {
                        "value": "C148"
                    }
                ]
            },
            {
                "value": "C149",
                "children": [
                    {
                        "value": "C149"
                    }
                ]
            },
            {
                "value": "B53",
                "children": [
                    {
                        "value": "C150"
                    },
                    {
                        "value": "C151"
                    },
                    {
                        "value": "C152"
                    }
                ]
            },
            {
                "value": "B54",
                "children": [
                    {
                        "value": "C153"
                    },
                    {
                        "value": "C154"
                    },
                    {
                        "value": "C155"
                    },
                    {
                        "value": "C156"
                    }
                ]
            },
            {
                "value": "B55",
                "children": [
                    {
                        "value": "C157"
                    },
                    {
                        "value": "C158"
                    },
                    {
                        "value": "C159"
                    },
                    {
                        "value": "C160"
                    },
                    {
                        "value": "C161"
                    },
                    {
                        "value": "C162"
                    },
                    {
                        "value": "C163"
                    },
                    {
                        "value": "C164"
                    },
                    {
                        "value": "C165"
                    }
                ]
            },
            {
                "value": "B56",
                "children": [
                    {
                        "value": "C166"
                    },
                    {
                        "value": "C167"
                    },
                    {
                        "value": "C168"
                    },
                    {
                        "value": "C169"
                    },
                    {
                        "value": "C170"
                    },
                    {
                        "value": "C171"
                    },
                    {
                        "value": "C172"
                    },
                    {
                        "value": "C173"
                    },
                    {
                        "value": "C174"
                    },
                    {
                        "value": "C175"
                    },
                    {
                        "value": "C176"
                    }
                ]
            },
            {
                "value": "C177",
                "children": [
                    {
                        "value": "C177"
                    }
                ]
            },
            {
                "value": "C178",
                "children": [
                    {
                        "value": "C178"
                    }
                ]
            },
            {
                "value": "B59",
                "children": [
                    {
                        "value": "C179"
                    }
                ]
            },
            {
                "value": "C180",
                "children": [
                    {
                        "value": "C180"
                    }
                ]
            },
            {
                "value": "C181",
                "children": [
                    {
                        "value": "C181"
                    }
                ]
            },
            {
                "value": "C182",
                "children": [
                    {
                        "value": "C182"
                    }
                ]
            },
            {
                "value": "C183",
                "children": [
                    {
                        "value": "C183"
                    }
                ]
            }
        ]
    },
    {
        "value": "A7",
        "children": [
            {
                "value": "B64",
                "children": [
                    {
                        "value": "C184"
                    },
                    {
                        "value": "C185"
                    },
                    {
                        "value": "C186"
                    }
                ]
            },
            {
                "value": "B65",
                "children": [
                    {
                        "value": "C187"
                    },
                    {
                        "value": "C188"
                    },
                    {
                        "value": "C189"
                    },
                    {
                        "value": "C190"
                    },
                    {
                        "value": "C191"
                    },
                    {
                        "value": "C192"
                    },
                    {
                        "value": "C193"
                    },
                    {
                        "value": "C194"
                    },
                    {
                        "value": "C195"
                    }
                ]
            },
            {
                "value": "B66",
                "children": [
                    {
                        "value": "C196"
                    },
                    {
                        "value": "C197"
                    },
                    {
                        "value": "C198"
                    },
                    {
                        "value": "C199"
                    },
                    {
                        "value": "C200"
                    },
                    {
                        "value": "C201"
                    },
                    {
                        "value": "C202"
                    }
                ]
            }
        ]
    },
    {
        "value": "A8",
        "children": [
            {
                "value": "B67",
                "children": [
                    {
                        "value": "C203"
                    },
                    {
                        "value": "C204"
                    },
                    {
                        "value": "C205"
                    },
                    {
                        "value": "C206"
                    },
                    {
                        "value": "C207"
                    },
                    {
                        "value": "C208"
                    },
                    {
                        "value": "C209"
                    },
                    {
                        "value": "C210"
                    },
                    {
                        "value": "C211"
                    },
                    {
                        "value": "C212"
                    },
                    {
                        "value": "C213"
                    }
                ]
            },
            {
                "value": "B68",
                "children": [
                    {
                        "value": "C214"
                    },
                    {
                        "value": "C215"
                    }
                ]
            },
            {
                "value": "B69",
                "children": [
                    {
                        "value": "C216"
                    }
                ]
            }
        ]
    },
    {
        "value": "A9",
        "children": [
            {
                "value": "B70",
                "children": [
                    {
                        "value": "C217"
                    },
                    {
                        "value": "C218"
                    },
                    {
                        "value": "C219"
                    },
                    {
                        "value": "C220"
                    },
                    {
                        "value": "C221"
                    },
                    {
                        "value": "C222"
                    }
                ]
            }
        ]
    },
    {
        "value": "A10",
        "children": [
            {
                "value": "B71",
                "children": [
                    {
                        "value": "C223"
                    }
                ]
            },
            {
                "value": "B72",
                "children": [
                    {
                        "value": "C224"
                    },
                    {
                        "value": "C225"
                    }
                ]
            },
            {
                "value": "C226",
                "children": [
                    {
                        "value": "C226"
                    }
                ]
            },
            {
                "value": "C227",
                "children": [
                    {
                        "value": "C227"
                    }
                ]
            },
            {
                "value": "C228",
                "children": [
                    {
                        "value": "C228"
                    }
                ]
            },
            {
                "value": "C229",
                "children": [
                    {
                        "value": "C229"
                    }
                ]
            },
            {
                "value": "B77",
                "children": [
                    {
                        "value": "C230"
                    }
                ]
            },
            {
                "value": "B78",
                "children": [
                    {
                        "value": "C231"
                    },
                    {
                        "value": "C232"
                    },
                    {
                        "value": "C233"
                    },
                    {
                        "value": "C234"
                    },
                    {
                        "value": "C235"
                    },
                    {
                        "value": "C236"
                    }
                ]
            },
            {
                "value": "C237",
                "children": [
                    {
                        "value": "C237"
                    }
                ]
            },
            {
                "value": "C238",
                "children": [
                    {
                        "value": "C238"
                    }
                ]
            },
            {
                "value": "C239",
                "children": [
                    {
                        "value": "C239"
                    }
                ]
            },
            {
                "value": "B82",
                "children": [
                    {
                        "value": "C240"
                    }
                ]
            },
            {
                "value": "B83",
                "children": [
                    {
                        "value": "C241"
                    },
                    {
                        "value": "C242"
                    },
                    {
                        "value": "C243"
                    }
                ]
            },
            {
                "value": "C244",
                "children": [
                    {
                        "value": "C244"
                    }
                ]
            },
            {
                "value": "C245",
                "children": [
                    {
                        "value": "C245"
                    }
                ]
            },
            {
                "value": "C246",
                "children": [
                    {
                        "value": "C246"
                    }
                ]
            },
            {
                "value": "C247",
                "children": [
                    {
                        "value": "C247"
                    }
                ]
            },
            {
                "value": "C248",
                "children": [
                    {
                        "value": "C248"
                    }
                ]
            },
            {
                "value": "C249",
                "children": [
                    {
                        "value": "C249"
                    }
                ]
            },
            {
                "value": "B90",
                "children": [
                    {
                        "value": "C250"
                    }
                ]
            },
            {
                "value": "B91",
                "children": [
                    {
                        "value": "C251"
                    }
                ]
            }
        ]
    }
]